mark_falls_on_knife,mark_hits_jane,mark_dies_by_accident,mark_dies,jane_drops_knife,jane_has_knife,jane_threatens_mark_with_knife,jane_and_mark_fight,nameoutput,output,network_output,matching,RMS,prediction
0,0,0,0,0,1,0,0,mark_hits_jane,0,0.0,1,0.0,0.0
0,0,0,0,0,1,0,1,mark_dies_by_accident,0,0.0,1,0.0,0.0
0,0,0,0,0,1,0,0,jane_threatens_mark_with_knife,0,0.0,1,0.0,0.0
0,0,0,0,0,1,0,0,jane_and_mark_fight,0,0.25,1,0.25,0.0
0,0,0,0,0,1,0,0,jane_drops_knife,0,0.0,1,0.0,0.0
0,0,0,0,0,0,0,0,jane_threatens_mark_with_knife,0,0.0,1,0.0,0.0
0,0,0,0,0,1,0,0,mark_dies,0,0.0,1,0.0,0.0
0,0,0,0,0,1,0,0,jane_drops_knife,0,0.0,1,0.0,0.0
0,0,0,0,0,1,0,0,jane_drops_knife,0,0.0,1,0.0,0.0
0,0,0,0,0,0,0,0,mark_falls_on_knife,0,0.0,1,0.0,0.0
0,0,0,0,0,1,0,0,jane_threatens_mark_with_knife,0,0.0,1,0.0,0.0
0,0,0,0,0,1,0,1,jane_and_mark_fight,1,0.25,0,0.75,0.0
0,0,0,0,0,1,0,0,jane_threatens_mark_with_knife,0,0.0,1,0.0,0.0
0,0,0,0,0,1,0,1,mark_dies_by_accident,0,0.0,1,0.0,0.0
0,0,0,0,0,1,0,1,mark_dies_by_accident,0,0.0,1,0.0,0.0
0,0,0,0,0,1,0,0,mark_dies_by_accident,0,0.0,1,0.0,0.0
0,0,0,0,0,0,0,0,mark_dies_by_accident,0,0.0,1,0.0,0.0
0,0,0,0,0,1,0,1,mark_hits_jane,0,0.0,1,0.0,0.0
0,0,0,0,0,0,0,0,jane_and_mark_fight,0,0.25,1,0.25,0.0
0,0,0,0,0,1,0,1,mark_falls_on_knife,0,0.0,1,0.0,0.0
0,0,0,0,0,1,0,0,mark_hits_jane,0,0.0,1,0.0,0.0
0,0,0,0,0,0,0,0,mark_hits_jane,0,0.0,1,0.0,0.0
0,0,0,0,0,1,0,0,mark_dies_by_accident,0,0.0,1,0.0,0.0
0,0,0,0,0,1,0,0,jane_threatens_mark_with_knife,0,0.0,1,0.0,0.0
0,0,0,0,0,0,0,0,mark_dies,0,0.0,1,0.0,0.0
0,0,0,0,0,1,0,0,mark_dies_by_accident,0,0.0,1,0.0,0.0
0,0,0,0,0,0,0,0,jane_and_mark_fight,0,0.25,1,0.25,0.0
0,0,0,0,0,1,0,0,jane_and_mark_fight,0,0.25,1,0.25,0.0
0,0,0,0,0,1,0,0,jane_threatens_mark_with_knife,0,0.0,1,0.0,0.0
0,0,0,0,0,0,0,0,mark_dies_by_accident,0,0.0,1,0.0,0.0
0,0,0,0,0,1,0,0,jane_has_knife,1,0.75,1,0.25,1.0
0,0,0,0,0,1,0,1,mark_dies,0,0.0,1,0.0,0.0
0,0,0,0,0,0,0,0,jane_drops_knife,0,0.0,1,0.0,0.0
0,0,0,0,0,0,0,0,mark_hits_jane,0,0.0,1,0.0,0.0
0,0,0,0,0,1,0,0,mark_hits_jane,0,0.0,1,0.0,0.0
0,0,0,0,0,1,0,0,mark_hits_jane,0,0.0,1,0.0,0.0
0,0,0,0,0,1,0,1,jane_and_mark_fight,1,0.25,0,0.75,0.0
0,0,0,0,0,1,0,0,jane_has_knife,1,0.75,1,0.25,1.0
0,0,0,0,0,1,0,1,jane_threatens_mark_with_knife,0,0.0,1,0.0,0.0
0,0,0,0,0,1,0,0,mark_dies_by_accident,0,0.0,1,0.0,0.0
0,0,0,0,0,0,0,0,jane_has_knife,0,0.75,0,0.75,1.0
0,0,0,0,0,0,0,0,jane_has_knife,0,0.75,0,0.75,1.0
0,0,0,0,0,1,0,0,mark_falls_on_knife,0,0.0,1,0.0,0.0
0,0,0,0,0,1,0,0,jane_threatens_mark_with_knife,0,0.0,1,0.0,0.0
0,0,0,0,0,0,0,0,jane_and_mark_fight,0,0.25,1,0.25,0.0
0,0,0,0,0,0,0,0,mark_dies_by_accident,0,0.0,1,0.0,0.0
0,0,0,0,0,1,0,0,jane_has_knife,1,0.75,1,0.25,1.0
0,0,0,0,0,0,0,0,mark_hits_jane,0,0.0,1,0.0,0.0
0,0,0,0,0,1,0,0,mark_hits_jane,0,0.0,1,0.0,0.0
0,0,0,0,0,1,0,0,mark_dies,0,0.0,1,0.0,0.0
0,0,0,0,0,1,0,0,jane_has_knife,1,0.75,1,0.25,1.0
0,0,0,0,0,0,0,0,mark_dies,0,0.0,1,0.0,0.0
0,0,0,0,0,1,0,0,mark_dies,0,0.0,1,0.0,0.0
0,0,0,0,0,0,0,1,mark_falls_on_knife,0,0.0,1,0.0,0.0
0,0,0,0,0,1,0,0,jane_and_mark_fight,0,0.25,1,0.25,0.0
0,0,0,0,0,0,0,1,mark_dies,0,0.0,1,0.0,0.0
0,0,0,0,0,0,0,1,jane_and_mark_fight,1,0.25,0,0.75,0.0
0,0,0,0,0,0,0,0,jane_threatens_mark_with_knife,0,0.0,1,0.0,0.0
0,0,0,0,0,1,0,0,jane_drops_knife,0,0.0,1,0.0,0.0
0,0,0,0,0,0,0,0,mark_dies_by_accident,0,0.0,1,0.0,0.0
0,0,0,0,0,1,0,0,mark_dies,0,0.0,1,0.0,0.0
0,0,0,0,0,1,0,1,jane_has_knife,1,0.75,1,0.25,1.0
0,0,0,0,0,0,0,0,mark_dies,0,0.0,1,0.0,0.0
0,0,0,0,0,1,0,0,mark_falls_on_knife,0,0.0,1,0.0,0.0
0,0,0,0,0,1,0,0,mark_dies_by_accident,0,0.0,1,0.0,0.0
0,0,0,0,0,0,0,1,mark_dies_by_accident,0,0.0,1,0.0,0.0
0,0,0,0,0,1,0,0,jane_and_mark_fight,0,0.25,1,0.25,0.0
0,0,0,0,0,1,0,0,jane_has_knife,1,0.75,1,0.25,1.0
0,0,0,0,0,0,0,0,mark_hits_jane,0,0.0,1,0.0,0.0
0,0,0,0,0,1,0,0,mark_dies_by_accident,0,0.0,1,0.0,0.0
0,0,0,0,0,1,0,0,mark_dies,0,0.0,1,0.0,0.0
0,0,0,0,0,1,0,0,jane_drops_knife,0,0.0,1,0.0,0.0
0,0,0,0,0,1,0,0,jane_drops_knife,0,0.0,1,0.0,0.0
0,0,0,0,0,0,0,0,jane_drops_knife,0,0.0,1,0.0,0.0
0,0,0,0,0,1,0,0,jane_drops_knife,0,0.0,1,0.0,0.0
0,0,0,0,0,1,0,0,mark_dies_by_accident,0,0.0,1,0.0,0.0
0,0,0,0,0,1,0,0,mark_falls_on_knife,0,0.0,1,0.0,0.0
0,0,0,0,0,0,0,0,mark_dies_by_accident,0,0.0,1,0.0,0.0
0,0,0,0,0,1,0,0,jane_and_mark_fight,0,0.25,1,0.25,0.0
0,0,0,0,0,0,0,1,mark_dies,0,0.0,1,0.0,0.0
0,0,0,0,0,1,0,1,jane_drops_knife,0,0.0,1,0.0,0.0
0,0,0,0,0,1,0,0,mark_dies,0,0.0,1,0.0,0.0
0,0,0,0,0,1,0,1,mark_falls_on_knife,0,0.0,1,0.0,0.0
0,0,0,0,0,1,0,0,jane_threatens_mark_with_knife,0,0.0,1,0.0,0.0
0,0,0,0,0,1,0,0,jane_drops_knife,0,0.0,1,0.0,0.0
0,0,0,0,0,1,0,0,mark_dies,0,0.0,1,0.0,0.0
0,0,0,0,0,0,0,0,jane_and_mark_fight,0,0.25,1,0.25,0.0
0,0,0,0,0,0,0,0,mark_dies_by_accident,0,0.0,1,0.0,0.0
0,0,0,0,0,0,0,0,jane_and_mark_fight,0,0.25,1,0.25,0.0
0,0,0,0,0,1,0,0,jane_and_mark_fight,0,0.25,1,0.25,0.0
0,0,0,0,0,1,0,0,mark_falls_on_knife,0,0.0,1,0.0,0.0
0,0,0,0,0,1,0,0,jane_drops_knife,0,0.0,1,0.0,0.0
0,0,0,0,0,0,0,0,mark_falls_on_knife,0,0.0,1,0.0,0.0
0,0,0,0,0,0,0,0,mark_dies_by_accident,0,0.0,1,0.0,0.0
0,0,0,0,0,1,0,0,mark_falls_on_knife,0,0.0,1,0.0,0.0
0,0,0,0,0,0,0,0,jane_has_knife,0,0.75,0,0.75,1.0
0,0,0,0,0,1,0,0,jane_drops_knife,0,0.0,1,0.0,0.0
0,0,0,0,0,1,0,0,mark_dies_by_accident,0,0.0,1,0.0,0.0
0,0,0,0,0,0,0,0,mark_falls_on_knife,0,0.0,1,0.0,0.0
0,0,0,0,0,0,0,1,jane_drops_knife,0,0.0,1,0.0,0.0
0,0,0,0,0,0,0,0,jane_has_knife,0,0.75,0,0.75,1.0
0,0,0,0,0,1,0,0,mark_hits_jane,0,0.0,1,0.0,0.0
0,0,0,0,0,1,0,0,mark_hits_jane,0,0.0,1,0.0,0.0
0,0,0,0,0,1,0,0,jane_and_mark_fight,0,0.25,1,0.25,0.0
0,0,0,0,0,1,0,0,mark_dies,0,0.0,1,0.0,0.0
0,0,0,0,0,1,0,0,jane_and_mark_fight,0,0.25,1,0.25,0.0
0,0,0,0,0,1,0,0,jane_drops_knife,0,0.0,1,0.0,0.0
0,0,0,0,0,1,0,0,mark_hits_jane,0,0.0,1,0.0,0.0
0,0,0,0,0,0,0,0,jane_has_knife,0,0.75,0,0.75,1.0
0,0,0,0,0,1,0,0,mark_dies_by_accident,0,0.0,1,0.0,0.0
0,0,0,0,0,0,0,0,jane_has_knife,0,0.75,0,0.75,1.0
0,0,0,0,0,0,0,0,jane_drops_knife,0,0.0,1,0.0,0.0
0,0,0,0,0,1,0,0,mark_falls_on_knife,0,0.0,1,0.0,0.0
0,0,0,0,0,1,0,0,jane_threatens_mark_with_knife,0,0.0,1,0.0,0.0
0,0,0,0,0,1,0,0,mark_falls_on_knife,0,0.0,1,0.0,0.0
0,0,0,0,0,1,0,0,mark_hits_jane,0,0.0,1,0.0,0.0
0,0,0,0,0,0,0,1,jane_and_mark_fight,1,0.25,0,0.75,0.0
0,0,0,0,0,1,0,0,mark_hits_jane,0,0.0,1,0.0,0.0
0,0,0,0,0,1,0,0,mark_dies,0,0.0,1,0.0,0.0
0,0,0,0,0,1,0,0,jane_drops_knife,0,0.0,1,0.0,0.0
0,0,0,0,0,1,0,1,jane_and_mark_fight,1,0.25,0,0.75,0.0
0,0,0,0,0,0,0,0,jane_threatens_mark_with_knife,0,0.0,1,0.0,0.0
0,0,0,0,0,0,0,1,jane_drops_knife,0,0.0,1,0.0,0.0
0,0,0,0,0,1,0,0,mark_falls_on_knife,0,0.0,1,0.0,0.0
0,0,0,0,0,0,0,0,mark_falls_on_knife,0,0.0,1,0.0,0.0
0,0,0,0,0,1,0,0,mark_hits_jane,0,0.0,1,0.0,0.0
0,0,0,0,0,1,0,0,jane_and_mark_fight,0,0.25,1,0.25,0.0
0,0,0,0,0,1,0,0,jane_has_knife,1,0.75,1,0.25,1.0
0,0,0,0,0,1,0,1,mark_dies,0,0.0,1,0.0,0.0
0,0,0,0,0,1,0,1,jane_threatens_mark_with_knife,0,0.0,1,0.0,0.0
0,0,0,0,0,0,0,0,jane_drops_knife,0,0.0,1,0.0,0.0
0,0,0,0,0,1,0,0,jane_threatens_mark_with_knife,0,0.0,1,0.0,0.0
0,0,0,0,0,1,0,1,mark_hits_jane,0,0.0,1,0.0,0.0
0,0,0,0,0,0,0,1,jane_has_knife,0,0.75,0,0.75,1.0
0,0,0,0,0,1,0,0,mark_dies,0,0.0,1,0.0,0.0
0,0,0,0,0,1,0,0,mark_dies_by_accident,0,0.0,1,0.0,0.0
0,0,0,0,0,1,0,0,mark_dies_by_accident,0,0.0,1,0.0,0.0
0,0,0,0,0,1,0,0,mark_falls_on_knife,0,0.0,1,0.0,0.0
0,0,0,0,0,1,0,0,mark_dies_by_accident,0,0.0,1,0.0,0.0
0,0,0,0,0,1,0,0,jane_threatens_mark_with_knife,0,0.0,1,0.0,0.0
0,0,0,0,0,1,0,0,mark_dies,0,0.0,1,0.0,0.0
0,0,0,0,0,1,0,0,jane_threatens_mark_with_knife,0,0.0,1,0.0,0.0
0,0,0,0,0,1,0,0,mark_falls_on_knife,0,0.0,1,0.0,0.0
0,0,0,0,0,1,0,0,mark_falls_on_knife,0,0.0,1,0.0,0.0
0,0,0,0,0,0,0,0,mark_falls_on_knife,0,0.0,1,0.0,0.0
0,0,0,0,0,1,0,0,jane_threatens_mark_with_knife,0,0.0,1,0.0,0.0
0,0,0,0,0,0,0,0,mark_dies,0,0.0,1,0.0,0.0
0,0,0,0,0,1,0,0,jane_has_knife,1,0.75,1,0.25,1.0
0,0,0,0,0,1,0,0,mark_hits_jane,0,0.0,1,0.0,0.0
0,0,0,0,0,0,0,1,mark_dies_by_accident,0,0.0,1,0.0,0.0
0,0,0,0,0,1,0,1,jane_threatens_mark_with_knife,0,0.0,1,0.0,0.0
0,0,0,0,0,1,0,1,mark_falls_on_knife,0,0.0,1,0.0,0.0
0,0,0,0,0,1,0,0,mark_dies,0,0.0,1,0.0,0.0
0,1,0,0,1,1,1,1,jane_and_mark_fight,1,NA,NA,1.0,NA
0,0,0,0,0,1,0,1,jane_drops_knife,0,0.0,1,0.0,0.0
0,0,0,0,0,1,0,0,jane_threatens_mark_with_knife,0,0.0,1,0.0,0.0
0,0,0,0,0,0,0,0,jane_has_knife,0,0.75,0,0.75,1.0
0,0,0,0,0,1,0,0,jane_has_knife,1,0.75,1,0.25,1.0
0,0,0,0,0,1,0,0,mark_hits_jane,0,0.0,1,0.0,0.0
0,0,0,0,0,1,0,0,mark_hits_jane,0,0.0,1,0.0,0.0
0,0,0,0,0,1,0,0,mark_falls_on_knife,0,0.0,1,0.0,0.0
0,0,0,0,0,1,0,0,jane_drops_knife,0,0.0,1,0.0,0.0
0,0,0,0,0,1,0,0,jane_drops_knife,0,0.0,1,0.0,0.0
0,0,0,0,0,1,0,0,jane_threatens_mark_with_knife,0,0.0,1,0.0,0.0
0,0,0,0,0,1,0,0,jane_drops_knife,0,0.0,1,0.0,0.0
0,0,0,0,0,1,0,1,mark_falls_on_knife,0,0.0,1,0.0,0.0
0,0,0,0,0,1,0,0,mark_falls_on_knife,0,0.0,1,0.0,0.0
0,0,0,0,0,0,0,0,jane_drops_knife,0,0.0,1,0.0,0.0
0,0,0,0,0,1,0,0,jane_drops_knife,0,0.0,1,0.0,0.0
0,0,0,0,0,0,0,0,jane_drops_knife,0,0.0,1,0.0,0.0
0,0,0,0,0,1,0,0,mark_hits_jane,0,0.0,1,0.0,0.0
0,0,0,0,0,0,0,0,jane_has_knife,0,0.75,0,0.75,1.0
0,0,0,0,0,1,0,0,jane_and_mark_fight,0,0.25,1,0.25,0.0
0,0,0,0,0,1,0,1,mark_dies,0,0.0,1,0.0,0.0
0,0,0,0,0,0,0,0,jane_and_mark_fight,0,0.25,1,0.25,0.0
0,0,0,0,0,0,0,0,mark_falls_on_knife,0,0.0,1,0.0,0.0
0,0,0,0,0,1,0,0,jane_and_mark_fight,0,0.25,1,0.25,0.0
0,0,0,0,0,1,0,0,mark_falls_on_knife,0,0.0,1,0.0,0.0
0,0,0,0,0,0,0,0,mark_falls_on_knife,0,0.0,1,0.0,0.0
0,0,0,0,0,0,0,1,mark_hits_jane,0,0.0,1,0.0,0.0
0,0,0,0,0,1,0,0,mark_dies_by_accident,0,0.0,1,0.0,0.0
0,0,0,0,0,1,0,0,jane_and_mark_fight,0,0.25,1,0.25,0.0
0,0,0,0,0,0,0,1,mark_hits_jane,0,0.0,1,0.0,0.0
0,0,0,0,0,1,0,0,jane_and_mark_fight,0,0.25,1,0.25,0.0
0,0,0,0,0,1,0,1,jane_threatens_mark_with_knife,0,0.0,1,0.0,0.0
0,0,0,0,0,1,0,0,jane_and_mark_fight,0,0.25,1,0.25,0.0
0,0,0,0,0,0,0,1,mark_dies_by_accident,0,0.0,1,0.0,0.0
0,0,0,0,0,1,0,0,jane_drops_knife,0,0.0,1,0.0,0.0
0,0,0,0,0,1,0,0,mark_hits_jane,0,0.0,1,0.0,0.0
0,0,0,0,0,1,0,1,jane_and_mark_fight,1,0.25,0,0.75,0.0
0,0,0,0,0,1,0,0,jane_drops_knife,0,0.0,1,0.0,0.0
0,0,0,0,0,0,0,0,mark_dies_by_accident,0,0.0,1,0.0,0.0
0,0,0,0,0,1,0,0,mark_dies,0,0.0,1,0.0,0.0
0,0,0,0,0,0,0,1,jane_has_knife,0,0.75,0,0.75,1.0
0,0,0,0,0,1,0,1,mark_hits_jane,0,0.0,1,0.0,0.0
0,0,0,0,0,0,0,0,jane_threatens_mark_with_knife,0,0.0,1,0.0,0.0
0,0,0,0,0,1,0,0,jane_has_knife,1,0.75,1,0.25,1.0
0,0,0,0,0,1,0,1,mark_falls_on_knife,0,0.0,1,0.0,0.0
0,0,0,0,0,0,0,0,mark_falls_on_knife,0,0.0,1,0.0,0.0
0,0,0,0,0,0,0,1,jane_has_knife,0,0.75,0,0.75,1.0
0,0,0,0,0,1,0,0,jane_has_knife,1,0.75,1,0.25,1.0
0,0,0,0,0,0,0,0,mark_falls_on_knife,0,0.0,1,0.0,0.0
0,0,0,0,0,0,0,1,mark_dies_by_accident,0,0.0,1,0.0,0.0
0,0,0,0,0,0,0,0,mark_hits_jane,0,0.0,1,0.0,0.0
0,0,0,0,0,1,0,0,mark_dies,0,0.0,1,0.0,0.0
0,0,0,0,0,1,0,0,jane_has_knife,1,0.75,1,0.25,1.0
0,0,0,0,0,1,0,1,mark_dies,0,0.0,1,0.0,0.0
0,0,0,0,0,1,0,1,mark_dies,0,0.0,1,0.0,0.0
0,0,0,0,0,0,0,0,jane_threatens_mark_with_knife,0,0.0,1,0.0,0.0
0,0,0,0,0,1,0,1,jane_threatens_mark_with_knife,0,0.0,1,0.0,0.0
0,0,0,0,0,1,0,1,mark_falls_on_knife,0,0.0,1,0.0,0.0
0,0,0,0,0,1,0,0,jane_drops_knife,0,0.0,1,0.0,0.0
0,0,0,0,0,1,0,0,mark_dies_by_accident,0,0.0,1,0.0,0.0
0,0,0,0,0,1,0,0,jane_threatens_mark_with_knife,0,0.0,1,0.0,0.0
0,0,0,0,0,1,0,0,jane_has_knife,1,0.75,1,0.25,1.0
0,0,0,0,0,0,0,1,jane_and_mark_fight,1,0.25,0,0.75,0.0
0,0,0,0,0,1,0,0,jane_has_knife,1,0.75,1,0.25,1.0
0,0,0,0,0,1,0,0,mark_dies,0,0.0,1,0.0,0.0
0,0,0,0,0,0,0,0,jane_has_knife,0,0.75,0,0.75,1.0
0,0,0,0,0,1,0,0,jane_has_knife,1,0.75,1,0.25,1.0
0,0,0,0,0,1,0,0,mark_dies,0,0.0,1,0.0,0.0
0,0,0,0,0,0,0,0,jane_drops_knife,0,0.0,1,0.0,0.0
0,0,0,0,0,1,0,0,jane_and_mark_fight,0,0.25,1,0.25,0.0
0,0,0,0,0,0,0,0,jane_has_knife,0,0.75,0,0.75,1.0
0,0,0,0,0,1,0,0,jane_threatens_mark_with_knife,0,0.0,1,0.0,0.0
0,0,0,0,0,1,0,1,mark_hits_jane,0,0.0,1,0.0,0.0
0,0,0,0,0,0,0,0,jane_and_mark_fight,0,0.25,1,0.25,0.0
0,0,0,0,0,1,0,0,mark_dies,0,0.0,1,0.0,0.0
0,0,0,0,0,1,0,0,mark_dies,0,0.0,1,0.0,0.0
0,0,0,0,0,1,0,0,mark_dies_by_accident,0,0.0,1,0.0,0.0
0,0,0,0,0,1,0,0,jane_drops_knife,0,0.0,1,0.0,0.0
0,0,0,0,0,1,0,0,mark_falls_on_knife,0,0.0,1,0.0,0.0
0,0,0,0,0,0,0,0,mark_dies_by_accident,0,0.0,1,0.0,0.0
0,0,0,0,0,0,0,0,mark_dies_by_accident,0,0.0,1,0.0,0.0
0,0,0,0,0,1,0,0,mark_falls_on_knife,0,0.0,1,0.0,0.0
0,0,0,0,0,1,0,0,mark_hits_jane,0,0.0,1,0.0,0.0
0,0,0,0,0,1,0,0,mark_dies_by_accident,0,0.0,1,0.0,0.0
0,0,0,0,0,1,0,0,jane_has_knife,1,0.75,1,0.25,1.0
0,0,0,0,0,1,0,1,jane_drops_knife,0,0.0,1,0.0,0.0
0,0,0,0,0,0,0,1,jane_threatens_mark_with_knife,0,0.0,1,0.0,0.0
0,0,0,0,0,1,0,1,jane_drops_knife,0,0.0,1,0.0,0.0
0,0,0,0,0,1,0,0,jane_has_knife,1,0.75,1,0.25,1.0
0,0,0,0,0,1,0,0,mark_hits_jane,0,0.0,1,0.0,0.0
0,0,0,0,0,1,0,1,mark_hits_jane,0,0.0,1,0.0,0.0
0,0,0,0,0,0,0,0,jane_has_knife,0,0.75,0,0.75,1.0
0,0,0,0,0,1,0,0,jane_drops_knife,0,0.0,1,0.0,0.0
0,0,0,0,0,1,0,0,mark_dies_by_accident,0,0.0,1,0.0,0.0
0,0,0,0,0,0,0,0,jane_and_mark_fight,0,0.25,1,0.25,0.0
0,0,0,0,0,1,0,0,mark_dies,0,0.0,1,0.0,0.0
0,0,0,0,0,0,0,0,mark_falls_on_knife,0,0.0,1,0.0,0.0
0,0,0,0,0,0,0,0,jane_has_knife,0,0.75,0,0.75,1.0
0,0,0,0,0,1,0,0,jane_has_knife,1,0.75,1,0.25,1.0
0,0,0,0,0,0,0,0,mark_falls_on_knife,0,0.0,1,0.0,0.0
0,0,0,0,0,0,0,0,jane_drops_knife,0,0.0,1,0.0,0.0
0,0,0,0,0,1,0,0,jane_has_knife,1,0.75,1,0.25,1.0
0,0,0,0,0,0,0,1,mark_dies_by_accident,0,0.0,1,0.0,0.0
0,0,0,0,0,1,0,0,jane_has_knife,1,0.75,1,0.25,1.0
0,0,0,0,0,1,0,0,mark_hits_jane,0,0.0,1,0.0,0.0
0,0,0,0,0,1,0,0,jane_drops_knife,0,0.0,1,0.0,0.0
0,0,0,0,0,1,0,0,jane_and_mark_fight,0,0.25,1,0.25,0.0
0,0,0,0,0,1,0,1,jane_threatens_mark_with_knife,0,0.0,1,0.0,0.0
0,0,0,0,0,0,0,0,jane_drops_knife,0,0.0,1,0.0,0.0
0,0,0,0,0,1,0,0,mark_dies,0,0.0,1,0.0,0.0
0,0,0,0,0,1,0,0,jane_threatens_mark_with_knife,0,0.0,1,0.0,0.0
0,0,0,0,0,1,0,0,jane_has_knife,1,0.75,1,0.25,1.0
0,0,0,0,0,0,0,0,mark_dies,0,0.0,1,0.0,0.0
0,0,0,0,0,1,0,0,jane_threatens_mark_with_knife,0,0.0,1,0.0,0.0
0,0,0,0,0,1,0,0,mark_dies_by_accident,0,0.0,1,0.0,0.0
0,0,0,0,0,1,0,0,mark_hits_jane,0,0.0,1,0.0,0.0
0,0,0,0,0,1,0,0,jane_threatens_mark_with_knife,0,0.0,1,0.0,0.0
0,0,0,0,0,1,0,0,mark_dies_by_accident,0,0.0,1,0.0,0.0
0,0,0,0,0,0,0,0,jane_has_knife,0,0.75,0,0.75,1.0
0,0,0,0,0,1,0,0,mark_hits_jane,0,0.0,1,0.0,0.0
0,0,0,0,0,0,0,0,mark_hits_jane,0,0.0,1,0.0,0.0
0,0,0,0,0,1,0,0,mark_falls_on_knife,0,0.0,1,0.0,0.0
0,0,0,0,0,1,0,1,jane_drops_knife,0,0.0,1,0.0,0.0
0,0,0,0,0,0,0,1,jane_threatens_mark_with_knife,0,0.0,1,0.0,0.0
0,0,0,0,0,1,0,0,jane_has_knife,1,0.75,1,0.25,1.0
0,0,0,0,0,1,0,1,mark_falls_on_knife,0,0.0,1,0.0,0.0
0,0,0,0,0,1,0,0,jane_threatens_mark_with_knife,0,0.0,1,0.0,0.0
0,0,0,0,0,1,0,0,jane_threatens_mark_with_knife,0,0.0,1,0.0,0.0
0,0,0,0,0,0,0,0,jane_and_mark_fight,0,0.25,1,0.25,0.0
0,0,0,0,0,1,0,0,jane_threatens_mark_with_knife,0,0.0,1,0.0,0.0
0,0,0,0,0,0,0,0,mark_dies,0,0.0,1,0.0,0.0
0,0,0,0,0,1,0,0,mark_hits_jane,0,0.0,1,0.0,0.0
0,0,0,0,0,1,0,0,jane_drops_knife,0,0.0,1,0.0,0.0
0,0,0,0,0,1,0,0,mark_dies,0,0.0,1,0.0,0.0
0,0,0,0,0,1,0,0,jane_and_mark_fight,0,0.25,1,0.25,0.0
0,0,0,0,0,1,0,0,jane_drops_knife,0,0.0,1,0.0,0.0
0,0,0,0,0,0,0,1,jane_drops_knife,0,0.0,1,0.0,0.0
0,0,0,0,0,1,0,0,jane_threatens_mark_with_knife,0,0.0,1,0.0,0.0
0,0,0,0,0,1,0,0,jane_and_mark_fight,0,0.25,1,0.25,0.0
0,0,0,0,0,1,0,0,mark_hits_jane,0,0.0,1,0.0,0.0
0,0,0,0,0,1,0,0,jane_threatens_mark_with_knife,0,0.0,1,0.0,0.0
0,0,0,0,0,1,0,0,jane_and_mark_fight,0,0.25,1,0.25,0.0
0,0,0,0,0,1,0,0,jane_has_knife,1,0.75,1,0.25,1.0
0,0,0,0,0,1,0,0,jane_and_mark_fight,0,0.25,1,0.25,0.0
0,0,0,0,0,1,0,0,jane_drops_knife,0,0.0,1,0.0,0.0
0,0,0,0,0,1,0,1,jane_and_mark_fight,1,0.25,0,0.75,0.0
0,0,0,0,0,0,0,0,mark_dies,0,0.0,1,0.0,0.0
0,0,0,0,0,1,0,0,mark_dies,0,0.0,1,0.0,0.0
0,0,0,0,0,0,0,0,mark_dies_by_accident,0,0.0,1,0.0,0.0
0,0,0,0,0,1,0,0,jane_drops_knife,0,0.0,1,0.0,0.0
0,0,0,0,0,0,0,1,mark_hits_jane,0,0.0,1,0.0,0.0
0,0,0,0,0,0,0,0,mark_falls_on_knife,0,0.0,1,0.0,0.0
0,0,0,0,0,1,0,1,jane_has_knife,1,0.75,1,0.25,1.0
0,0,0,0,0,1,0,1,mark_hits_jane,0,0.0,1,0.0,0.0
0,0,0,0,0,1,0,1,mark_dies_by_accident,0,0.0,1,0.0,0.0
0,0,0,0,0,0,0,0,mark_dies_by_accident,0,0.0,1,0.0,0.0
0,0,0,0,0,1,0,0,jane_threatens_mark_with_knife,0,0.0,1,0.0,0.0
0,0,0,0,0,1,0,0,mark_dies,0,0.0,1,0.0,0.0
0,0,0,0,0,0,0,1,mark_dies_by_accident,0,0.0,1,0.0,0.0
0,0,0,0,0,1,0,0,mark_falls_on_knife,0,0.0,1,0.0,0.0
0,0,0,0,0,0,0,0,mark_falls_on_knife,0,0.0,1,0.0,0.0
0,0,0,0,0,1,0,0,jane_has_knife,1,0.75,1,0.25,1.0
0,0,0,0,0,1,0,0,mark_falls_on_knife,0,0.0,1,0.0,0.0
0,0,0,0,0,1,0,0,mark_falls_on_knife,0,0.0,1,0.0,0.0
0,0,0,0,0,1,0,0,jane_drops_knife,0,0.0,1,0.0,0.0
0,0,0,0,0,1,0,0,mark_dies,0,0.0,1,0.0,0.0
0,0,0,0,0,1,0,1,jane_has_knife,1,0.75,1,0.25,1.0
0,0,0,0,0,0,0,1,jane_threatens_mark_with_knife,0,0.0,1,0.0,0.0
0,0,0,0,0,1,0,0,jane_drops_knife,0,0.0,1,0.0,0.0
0,0,0,0,0,1,0,1,jane_threatens_mark_with_knife,0,0.0,1,0.0,0.0
0,0,0,0,0,0,0,0,jane_threatens_mark_with_knife,0,0.0,1,0.0,0.0
0,0,0,0,0,0,0,0,mark_dies,0,0.0,1,0.0,0.0
0,0,0,0,0,0,0,0,jane_threatens_mark_with_knife,0,0.0,1,0.0,0.0
0,0,0,0,0,1,0,0,jane_threatens_mark_with_knife,0,0.0,1,0.0,0.0
0,0,0,0,0,0,0,0,jane_drops_knife,0,0.0,1,0.0,0.0
0,0,0,0,0,1,0,0,mark_hits_jane,0,0.0,1,0.0,0.0
0,0,0,0,0,1,0,0,mark_falls_on_knife,0,0.0,1,0.0,0.0
0,0,0,0,0,1,0,0,jane_threatens_mark_with_knife,0,0.0,1,0.0,0.0
0,0,0,0,0,1,0,1,mark_dies,0,0.0,1,0.0,0.0
0,0,0,0,0,1,0,1,jane_threatens_mark_with_knife,0,0.0,1,0.0,0.0
0,0,0,0,0,1,0,1,mark_falls_on_knife,0,0.0,1,0.0,0.0
0,0,0,0,0,1,0,1,jane_has_knife,1,0.75,1,0.25,1.0
0,0,0,0,0,1,0,0,mark_hits_jane,0,0.0,1,0.0,0.0
0,0,0,0,0,1,0,0,jane_threatens_mark_with_knife,0,0.0,1,0.0,0.0
0,0,0,0,0,1,0,1,jane_has_knife,1,0.75,1,0.25,1.0
0,0,0,0,0,1,0,0,mark_hits_jane,0,0.0,1,0.0,0.0
0,0,0,0,0,0,0,1,jane_and_mark_fight,1,0.25,0,0.75,0.0
0,0,0,0,0,0,0,1,jane_and_mark_fight,1,0.25,0,0.75,0.0
0,0,0,0,0,1,0,1,jane_and_mark_fight,1,0.25,0,0.75,0.0
0,0,0,0,0,1,0,0,mark_hits_jane,0,0.0,1,0.0,0.0
0,0,0,0,0,1,0,0,mark_hits_jane,0,0.0,1,0.0,0.0
0,0,0,0,0,1,0,0,jane_has_knife,1,0.75,1,0.25,1.0
0,0,0,0,0,1,0,0,jane_drops_knife,0,0.0,1,0.0,0.0
0,0,0,0,0,1,0,0,mark_hits_jane,0,0.0,1,0.0,0.0
0,0,0,0,0,0,0,0,mark_hits_jane,0,0.0,1,0.0,0.0
0,0,0,0,0,0,0,0,jane_has_knife,0,0.75,0,0.75,1.0
0,0,0,0,0,1,0,0,jane_has_knife,1,0.75,1,0.25,1.0
0,0,0,0,0,1,0,1,jane_and_mark_fight,1,0.25,0,0.75,0.0
0,0,0,0,0,1,0,1,mark_dies_by_accident,0,0.0,1,0.0,0.0
0,0,0,0,0,1,0,0,mark_hits_jane,0,0.0,1,0.0,0.0
0,0,0,0,0,1,0,0,mark_falls_on_knife,0,0.0,1,0.0,0.0
0,0,0,0,0,0,0,0,mark_falls_on_knife,0,0.0,1,0.0,0.0
0,0,0,0,0,0,0,0,jane_has_knife,0,0.75,0,0.75,1.0
0,0,0,0,0,1,0,1,jane_and_mark_fight,1,0.25,0,0.75,0.0
0,0,0,0,0,1,0,0,jane_has_knife,1,0.75,1,0.25,1.0
0,0,0,0,0,1,0,0,jane_has_knife,1,0.75,1,0.25,1.0
0,0,0,0,0,1,0,1,mark_falls_on_knife,0,0.0,1,0.0,0.0
0,0,0,0,0,1,0,0,mark_dies,0,0.0,1,0.0,0.0
0,0,0,0,0,1,0,0,mark_dies,0,0.0,1,0.0,0.0
0,0,0,0,0,1,0,0,mark_dies_by_accident,0,0.0,1,0.0,0.0
0,0,0,0,0,0,0,0,mark_hits_jane,0,0.0,1,0.0,0.0
0,0,0,0,0,0,0,0,mark_hits_jane,0,0.0,1,0.0,0.0
0,0,0,0,0,1,0,0,mark_dies,0,0.0,1,0.0,0.0
0,0,0,0,0,1,0,0,jane_has_knife,1,0.75,1,0.25,1.0
0,0,0,0,0,1,0,0,jane_and_mark_fight,0,0.25,1,0.25,0.0
0,0,0,0,0,1,0,0,jane_drops_knife,0,0.0,1,0.0,0.0
0,0,0,0,0,1,0,0,jane_and_mark_fight,0,0.25,1,0.25,0.0
0,0,0,0,0,1,0,0,mark_hits_jane,0,0.0,1,0.0,0.0
0,0,0,0,0,0,0,0,mark_dies_by_accident,0,0.0,1,0.0,0.0
0,0,0,0,0,1,0,0,jane_drops_knife,0,0.0,1,0.0,0.0
0,0,0,0,0,1,0,0,mark_dies_by_accident,0,0.0,1,0.0,0.0
0,0,0,0,0,0,0,0,mark_hits_jane,0,0.0,1,0.0,0.0
0,0,0,0,0,0,0,0,jane_and_mark_fight,0,0.25,1,0.25,0.0
0,0,0,0,0,1,0,0,jane_and_mark_fight,0,0.25,1,0.25,0.0
0,0,0,0,0,0,0,1,jane_threatens_mark_with_knife,0,0.0,1,0.0,0.0
0,0,0,0,0,1,0,1,jane_threatens_mark_with_knife,0,0.0,1,0.0,0.0
0,0,0,0,0,0,0,1,jane_threatens_mark_with_knife,0,0.0,1,0.0,0.0
0,0,0,0,0,1,0,0,mark_dies,0,0.0,1,0.0,0.0
0,0,0,0,0,1,0,0,mark_hits_jane,0,0.0,1,0.0,0.0
0,0,0,0,0,0,0,0,jane_and_mark_fight,0,0.25,1,0.25,0.0
0,0,0,0,0,1,0,0,mark_hits_jane,0,0.0,1,0.0,0.0
0,0,0,0,0,1,0,0,mark_falls_on_knife,0,0.0,1,0.0,0.0
0,0,0,0,0,1,0,0,jane_and_mark_fight,0,0.25,1,0.25,0.0
0,0,0,0,0,0,0,0,mark_falls_on_knife,0,0.0,1,0.0,0.0
0,0,0,0,0,0,0,1,jane_drops_knife,0,0.0,1,0.0,0.0
0,0,0,0,0,0,0,0,jane_threatens_mark_with_knife,0,0.0,1,0.0,0.0
0,0,0,0,0,1,0,0,mark_dies_by_accident,0,0.0,1,0.0,0.0
0,0,0,0,0,0,0,0,jane_and_mark_fight,0,0.25,1,0.25,0.0
0,0,0,0,0,1,0,0,mark_dies_by_accident,0,0.0,1,0.0,0.0
0,0,0,0,0,1,0,0,jane_drops_knife,0,0.0,1,0.0,0.0
0,0,0,0,0,1,0,0,mark_dies_by_accident,0,0.0,1,0.0,0.0
0,0,0,0,0,0,0,1,mark_falls_on_knife,0,0.0,1,0.0,0.0
0,0,0,0,0,0,0,0,jane_has_knife,0,0.75,0,0.75,1.0
0,0,0,0,0,1,0,1,jane_and_mark_fight,1,0.25,0,0.75,0.0
0,0,0,0,0,0,0,0,mark_dies_by_accident,0,0.0,1,0.0,0.0
0,0,0,0,0,1,0,0,jane_threatens_mark_with_knife,0,0.0,1,0.0,0.0
0,0,0,0,0,1,0,0,mark_dies_by_accident,0,0.0,1,0.0,0.0
0,0,0,0,0,1,0,0,jane_and_mark_fight,0,0.25,1,0.25,0.0
0,1,0,0,1,1,1,1,jane_and_mark_fight,1,NA,NA,1.0,NA
0,0,0,0,0,0,0,1,jane_and_mark_fight,1,0.25,0,0.75,0.0
0,0,0,0,0,0,0,0,mark_dies_by_accident,0,0.0,1,0.0,0.0
0,0,0,0,0,1,0,1,jane_threatens_mark_with_knife,0,0.0,1,0.0,0.0
0,0,0,0,0,0,0,0,jane_and_mark_fight,0,0.25,1,0.25,0.0
0,0,0,0,0,1,0,0,jane_has_knife,1,0.75,1,0.25,1.0
0,0,0,0,0,1,0,0,jane_and_mark_fight,0,0.25,1,0.25,0.0
0,0,0,0,0,0,0,0,mark_dies_by_accident,0,0.0,1,0.0,0.0
0,0,0,0,0,1,0,1,mark_dies_by_accident,0,0.0,1,0.0,0.0
0,0,0,0,0,1,0,0,jane_and_mark_fight,0,0.25,1,0.25,0.0
0,0,0,0,0,1,0,0,mark_hits_jane,0,0.0,1,0.0,0.0
0,0,0,0,0,1,0,0,jane_drops_knife,0,0.0,1,0.0,0.0
0,0,0,0,0,1,0,0,mark_dies,0,0.0,1,0.0,0.0
0,0,0,0,0,1,0,0,mark_falls_on_knife,0,0.0,1,0.0,0.0
0,0,0,0,0,1,0,0,jane_has_knife,1,0.75,1,0.25,1.0
0,0,0,0,0,0,0,0,mark_falls_on_knife,0,0.0,1,0.0,0.0
0,0,0,0,0,1,0,0,mark_falls_on_knife,0,0.0,1,0.0,0.0
0,0,0,0,0,1,0,0,mark_hits_jane,0,0.0,1,0.0,0.0
0,0,0,0,0,1,0,0,jane_drops_knife,0,0.0,1,0.0,0.0
0,0,0,0,0,1,0,0,jane_threatens_mark_with_knife,0,0.0,1,0.0,0.0
0,0,0,0,0,1,0,0,mark_dies_by_accident,0,0.0,1,0.0,0.0
0,0,0,0,0,1,0,0,mark_dies,0,0.0,1,0.0,0.0
0,1,0,0,0,1,1,1,mark_dies,0,0.0,1,0.0,0.0
0,0,0,0,0,0,0,0,jane_and_mark_fight,0,0.25,1,0.25,0.0
0,0,0,0,0,0,0,0,jane_threatens_mark_with_knife,0,0.0,1,0.0,0.0
0,0,0,0,0,1,0,0,mark_dies,0,0.0,1,0.0,0.0
0,0,0,0,0,0,0,0,jane_threatens_mark_with_knife,0,0.0,1,0.0,0.0
0,0,0,0,0,1,0,0,jane_drops_knife,0,0.0,1,0.0,0.0
0,0,0,0,0,0,0,0,jane_drops_knife,0,0.0,1,0.0,0.0
0,0,0,0,0,1,0,0,jane_threatens_mark_with_knife,0,0.0,1,0.0,0.0
0,0,0,0,0,1,0,0,mark_hits_jane,0,0.0,1,0.0,0.0
0,0,0,0,0,1,0,0,jane_and_mark_fight,0,0.25,1,0.25,0.0
0,0,0,0,0,1,0,0,mark_dies_by_accident,0,0.0,1,0.0,0.0
0,0,0,0,0,0,0,0,mark_falls_on_knife,0,0.0,1,0.0,0.0
0,0,0,0,0,0,0,0,mark_dies_by_accident,0,0.0,1,0.0,0.0
0,0,0,0,0,1,0,0,jane_has_knife,1,0.75,1,0.25,1.0
0,0,0,0,0,0,0,0,mark_hits_jane,0,0.0,1,0.0,0.0
0,0,0,0,0,1,0,0,mark_hits_jane,0,0.0,1,0.0,0.0
0,0,0,0,0,0,0,0,mark_dies_by_accident,0,0.0,1,0.0,0.0
0,0,0,0,0,1,0,1,jane_has_knife,1,0.75,1,0.25,1.0
0,0,0,0,0,1,0,0,mark_dies,0,0.0,1,0.0,0.0
0,0,0,0,0,1,0,0,mark_falls_on_knife,0,0.0,1,0.0,0.0
0,0,0,0,0,1,0,0,mark_falls_on_knife,0,0.0,1,0.0,0.0
0,0,0,0,0,1,0,0,jane_drops_knife,0,0.0,1,0.0,0.0
0,0,0,0,0,0,0,0,mark_falls_on_knife,0,0.0,1,0.0,0.0
0,0,0,0,0,1,0,0,jane_drops_knife,0,0.0,1,0.0,0.0
0,0,0,0,0,0,0,0,mark_hits_jane,0,0.0,1,0.0,0.0
0,0,0,0,0,1,0,0,mark_dies,0,0.0,1,0.0,0.0
0,0,0,0,0,1,0,0,mark_dies,0,0.0,1,0.0,0.0
0,0,0,0,0,1,0,0,jane_threatens_mark_with_knife,0,0.0,1,0.0,0.0
0,0,0,0,0,0,0,0,mark_dies,0,0.0,1,0.0,0.0
0,0,0,0,0,1,0,0,jane_and_mark_fight,0,0.25,1,0.25,0.0
0,0,0,0,0,1,0,0,jane_and_mark_fight,0,0.25,1,0.25,0.0
0,0,0,0,0,1,0,1,jane_and_mark_fight,1,0.25,0,0.75,0.0
0,0,0,0,0,1,0,0,jane_drops_knife,0,0.0,1,0.0,0.0
0,0,0,0,0,0,0,0,jane_has_knife,0,0.75,0,0.75,1.0
0,0,0,0,0,1,0,0,jane_threatens_mark_with_knife,0,0.0,1,0.0,0.0
0,0,0,0,0,0,0,0,jane_and_mark_fight,0,0.25,1,0.25,0.0
0,0,0,0,0,1,0,0,jane_has_knife,1,0.75,1,0.25,1.0
0,0,0,0,0,1,0,0,jane_and_mark_fight,0,0.25,1,0.25,0.0
0,0,0,0,0,0,0,0,mark_falls_on_knife,0,0.0,1,0.0,0.0
0,0,0,0,0,1,0,0,mark_dies_by_accident,0,0.0,1,0.0,0.0
0,0,0,0,0,1,0,0,jane_drops_knife,0,0.0,1,0.0,0.0
0,0,0,0,0,1,0,0,mark_hits_jane,0,0.0,1,0.0,0.0
0,0,0,0,0,0,0,0,mark_dies_by_accident,0,0.0,1,0.0,0.0
0,0,0,0,0,1,0,0,jane_has_knife,1,0.75,1,0.25,1.0
0,0,0,0,0,1,0,0,mark_dies_by_accident,0,0.0,1,0.0,0.0
0,0,0,0,0,1,0,0,jane_and_mark_fight,0,0.25,1,0.25,0.0
0,0,0,0,0,1,0,0,mark_dies_by_accident,0,0.0,1,0.0,0.0
0,0,0,0,0,1,0,0,jane_has_knife,1,0.75,1,0.25,1.0
0,0,0,0,0,1,0,1,mark_dies_by_accident,0,0.0,1,0.0,0.0
0,0,0,0,0,1,0,0,mark_hits_jane,0,0.0,1,0.0,0.0
0,0,0,0,0,1,0,0,mark_dies,0,0.0,1,0.0,0.0
0,0,0,0,0,1,0,0,jane_has_knife,1,0.75,1,0.25,1.0
0,0,0,0,0,1,0,0,mark_dies_by_accident,0,0.0,1,0.0,0.0
0,0,0,0,0,1,0,1,mark_dies_by_accident,0,0.0,1,0.0,0.0
0,0,0,0,0,1,0,0,mark_falls_on_knife,0,0.0,1,0.0,0.0
0,0,0,0,0,1,0,0,jane_drops_knife,0,0.0,1,0.0,0.0
0,0,0,0,0,1,0,0,jane_has_knife,1,0.75,1,0.25,1.0
0,0,0,0,0,1,0,0,mark_hits_jane,0,0.0,1,0.0,0.0
0,0,0,0,0,1,0,0,mark_dies_by_accident,0,0.0,1,0.0,0.0
0,0,0,0,0,1,0,0,mark_dies,0,0.0,1,0.0,0.0
0,0,0,0,0,1,0,0,jane_and_mark_fight,0,0.25,1,0.25,0.0
0,0,0,0,0,1,0,0,mark_dies_by_accident,0,0.0,1,0.0,0.0
0,0,0,0,0,0,0,0,mark_dies_by_accident,0,0.0,1,0.0,0.0
0,0,0,0,0,0,0,0,jane_drops_knife,0,0.0,1,0.0,0.0
0,0,0,0,0,1,0,1,jane_has_knife,1,0.75,1,0.25,1.0
0,0,0,0,0,1,0,0,jane_drops_knife,0,0.0,1,0.0,0.0
0,0,0,0,0,1,0,0,jane_has_knife,1,0.75,1,0.25,1.0
0,0,0,0,0,0,0,1,mark_falls_on_knife,0,0.0,1,0.0,0.0
0,0,0,0,0,1,0,0,mark_falls_on_knife,0,0.0,1,0.0,0.0
0,0,0,0,0,0,0,0,jane_and_mark_fight,0,0.25,1,0.25,0.0
0,0,0,0,0,1,0,0,mark_falls_on_knife,0,0.0,1,0.0,0.0
0,0,0,0,0,1,0,0,mark_dies,0,0.0,1,0.0,0.0
0,0,0,0,0,0,0,0,mark_dies_by_accident,0,0.0,1,0.0,0.0
0,0,0,0,0,1,0,0,mark_falls_on_knife,0,0.0,1,0.0,0.0
0,0,0,0,0,0,0,1,jane_and_mark_fight,1,0.25,0,0.75,0.0
0,0,0,0,0,1,0,0,mark_falls_on_knife,0,0.0,1,0.0,0.0
0,0,0,0,0,0,0,1,jane_and_mark_fight,1,0.25,0,0.75,0.0
0,0,0,0,0,1,0,0,jane_and_mark_fight,0,0.25,1,0.25,0.0
0,0,0,0,0,1,0,0,mark_dies_by_accident,0,0.0,1,0.0,0.0
0,0,0,0,0,1,0,0,mark_falls_on_knife,0,0.0,1,0.0,0.0
0,0,0,0,0,1,0,0,jane_drops_knife,0,0.0,1,0.0,0.0
0,0,0,0,0,1,0,0,mark_falls_on_knife,0,0.0,1,0.0,0.0
0,0,0,0,0,0,0,1,jane_and_mark_fight,1,0.25,0,0.75,0.0
0,0,0,0,0,0,0,0,mark_hits_jane,0,0.0,1,0.0,0.0
0,0,0,0,0,0,0,0,mark_dies_by_accident,0,0.0,1,0.0,0.0
0,0,0,0,0,0,0,0,mark_dies,0,0.0,1,0.0,0.0
0,0,0,0,0,1,0,0,jane_drops_knife,0,0.0,1,0.0,0.0
0,0,0,0,0,1,0,0,mark_dies_by_accident,0,0.0,1,0.0,0.0
0,0,0,0,0,0,0,0,mark_hits_jane,0,0.0,1,0.0,0.0
0,0,0,0,0,0,0,0,mark_hits_jane,0,0.0,1,0.0,0.0
0,0,0,0,0,0,0,0,mark_dies_by_accident,0,0.0,1,0.0,0.0
0,0,0,0,0,0,0,0,mark_falls_on_knife,0,0.0,1,0.0,0.0
0,0,0,0,0,1,0,1,jane_drops_knife,0,0.0,1,0.0,0.0
0,0,0,0,0,1,0,0,mark_hits_jane,0,0.0,1,0.0,0.0
0,0,0,0,0,0,0,0,mark_falls_on_knife,0,0.0,1,0.0,0.0
0,0,0,0,0,1,0,0,jane_drops_knife,0,0.0,1,0.0,0.0
0,0,0,0,0,1,0,0,mark_dies_by_accident,0,0.0,1,0.0,0.0
0,0,0,0,0,1,0,0,jane_threatens_mark_with_knife,0,0.0,1,0.0,0.0
0,0,0,0,0,1,0,0,mark_falls_on_knife,0,0.0,1,0.0,0.0
0,0,0,0,0,0,0,0,mark_falls_on_knife,0,0.0,1,0.0,0.0
0,0,0,0,0,0,0,1,mark_dies,0,0.0,1,0.0,0.0
0,0,0,0,0,1,0,1,mark_dies,0,0.0,1,0.0,0.0
0,0,0,0,0,0,0,0,jane_drops_knife,0,0.0,1,0.0,0.0
0,0,0,0,0,1,0,0,mark_dies_by_accident,0,0.0,1,0.0,0.0
0,0,0,0,0,0,0,0,mark_hits_jane,0,0.0,1,0.0,0.0
0,0,0,0,0,0,0,0,mark_dies_by_accident,0,0.0,1,0.0,0.0
0,0,0,0,0,1,0,0,mark_falls_on_knife,0,0.0,1,0.0,0.0
0,0,0,0,0,1,0,0,mark_dies_by_accident,0,0.0,1,0.0,0.0
0,0,0,0,0,1,0,0,mark_dies,0,0.0,1,0.0,0.0
0,0,0,0,0,0,0,0,mark_falls_on_knife,0,0.0,1,0.0,0.0
0,0,0,0,0,1,0,0,mark_hits_jane,0,0.0,1,0.0,0.0
0,0,0,0,0,0,0,0,jane_and_mark_fight,0,0.25,1,0.25,0.0
0,0,0,0,0,0,0,0,mark_dies_by_accident,0,0.0,1,0.0,0.0
0,0,0,0,0,1,0,0,jane_has_knife,1,0.75,1,0.25,1.0
0,0,0,0,0,1,0,0,jane_and_mark_fight,0,0.25,1,0.25,0.0
0,0,0,0,0,1,0,0,mark_dies_by_accident,0,0.0,1,0.0,0.0
0,0,0,0,0,1,0,0,jane_drops_knife,0,0.0,1,0.0,0.0
0,0,0,0,0,1,0,0,mark_dies_by_accident,0,0.0,1,0.0,0.0
0,0,0,0,0,1,0,1,mark_hits_jane,0,0.0,1,0.0,0.0
0,0,0,0,0,1,0,0,mark_dies,0,0.0,1,0.0,0.0
0,0,0,0,0,0,0,0,mark_dies_by_accident,0,0.0,1,0.0,0.0
0,0,0,0,0,0,0,0,mark_hits_jane,0,0.0,1,0.0,0.0
0,0,0,0,0,1,0,0,jane_and_mark_fight,0,0.25,1,0.25,0.0
0,0,0,0,0,0,0,0,jane_has_knife,0,0.75,0,0.75,1.0
0,0,0,0,0,0,0,0,mark_falls_on_knife,0,0.0,1,0.0,0.0
0,0,0,0,0,1,0,1,mark_dies,0,0.0,1,0.0,0.0
0,0,0,0,0,0,0,1,jane_drops_knife,0,0.0,1,0.0,0.0
0,0,0,0,0,1,0,0,jane_drops_knife,0,0.0,1,0.0,0.0
0,0,0,0,0,0,0,0,mark_falls_on_knife,0,0.0,1,0.0,0.0
0,0,0,0,0,1,0,0,jane_threatens_mark_with_knife,0,0.0,1,0.0,0.0
0,0,0,0,0,1,0,0,mark_hits_jane,0,0.0,1,0.0,0.0
0,0,0,0,0,1,0,1,jane_threatens_mark_with_knife,0,0.0,1,0.0,0.0
0,0,0,0,0,1,0,0,jane_and_mark_fight,0,0.25,1,0.25,0.0
0,0,0,0,0,0,0,0,mark_falls_on_knife,0,0.0,1,0.0,0.0
1,1,1,1,1,1,1,1,mark_dies_by_accident,1,1.0,1,0.0,1.0
0,0,0,0,0,0,0,0,mark_dies,0,0.0,1,0.0,0.0
0,0,0,0,0,0,0,1,jane_and_mark_fight,1,0.25,0,0.75,0.0
0,0,0,0,0,0,0,0,mark_dies_by_accident,0,0.0,1,0.0,0.0
0,0,0,0,0,0,0,0,jane_drops_knife,0,0.0,1,0.0,0.0
0,0,0,0,0,1,0,0,jane_drops_knife,0,0.0,1,0.0,0.0
0,0,0,0,0,1,0,0,mark_hits_jane,0,0.0,1,0.0,0.0
0,0,0,0,0,1,0,0,mark_dies_by_accident,0,0.0,1,0.0,0.0
0,0,0,0,0,1,0,0,jane_has_knife,1,0.75,1,0.25,1.0
0,0,0,0,0,0,0,1,jane_drops_knife,0,0.0,1,0.0,0.0
0,0,0,0,0,1,0,1,jane_has_knife,1,0.75,1,0.25,1.0
0,0,0,0,0,1,0,0,mark_dies_by_accident,0,0.0,1,0.0,0.0
0,0,0,0,0,1,0,0,mark_dies,0,0.0,1,0.0,0.0
0,0,0,0,0,1,0,0,mark_falls_on_knife,0,0.0,1,0.0,0.0
0,0,0,0,0,1,0,1,jane_threatens_mark_with_knife,0,0.0,1,0.0,0.0
0,0,0,0,0,1,0,0,jane_has_knife,1,0.75,1,0.25,1.0
0,0,0,0,0,1,0,0,jane_and_mark_fight,0,0.25,1,0.25,0.0
0,0,0,0,0,1,0,0,jane_threatens_mark_with_knife,0,0.0,1,0.0,0.0
0,0,0,0,0,1,0,0,jane_and_mark_fight,0,0.25,1,0.25,0.0
0,0,0,0,0,1,0,0,mark_falls_on_knife,0,0.0,1,0.0,0.0
0,0,0,0,0,1,0,0,jane_and_mark_fight,0,0.25,1,0.25,0.0
0,0,0,0,0,1,0,0,jane_drops_knife,0,0.0,1,0.0,0.0
0,0,0,0,0,1,0,0,mark_falls_on_knife,0,0.0,1,0.0,0.0
0,0,0,0,0,1,0,0,mark_dies,0,0.0,1,0.0,0.0
0,0,0,0,0,1,0,0,jane_threatens_mark_with_knife,0,0.0,1,0.0,0.0
0,0,0,0,0,1,0,0,jane_has_knife,1,0.75,1,0.25,1.0
0,0,0,0,0,0,0,0,mark_hits_jane,0,0.0,1,0.0,0.0
0,0,0,0,0,0,0,0,mark_dies_by_accident,0,0.0,1,0.0,0.0
0,0,0,0,0,1,0,1,jane_threatens_mark_with_knife,0,0.0,1,0.0,0.0
0,0,0,0,0,1,0,0,mark_falls_on_knife,0,0.0,1,0.0,0.0
0,0,0,0,0,1,0,0,mark_hits_jane,0,0.0,1,0.0,0.0
0,0,0,0,0,1,0,0,mark_falls_on_knife,0,0.0,1,0.0,0.0
0,0,0,0,0,1,0,0,jane_and_mark_fight,0,0.25,1,0.25,0.0
0,0,0,0,0,0,0,0,jane_has_knife,0,0.75,0,0.75,1.0
0,0,0,0,0,1,0,1,mark_dies,0,0.0,1,0.0,0.0
0,0,0,0,0,0,0,0,jane_threatens_mark_with_knife,0,0.0,1,0.0,0.0
0,0,0,0,0,1,0,0,jane_drops_knife,0,0.0,1,0.0,0.0
0,0,0,0,0,0,0,0,mark_dies,0,0.0,1,0.0,0.0
0,0,0,0,0,0,0,0,jane_and_mark_fight,0,0.25,1,0.25,0.0
0,0,0,0,0,1,0,0,mark_hits_jane,0,0.0,1,0.0,0.0
0,0,0,0,0,1,0,0,jane_drops_knife,0,0.0,1,0.0,0.0
0,0,0,0,0,0,0,0,jane_has_knife,0,0.75,0,0.75,1.0
0,0,0,0,0,1,0,0,mark_hits_jane,0,0.0,1,0.0,0.0
0,0,0,0,0,0,0,0,mark_dies_by_accident,0,0.0,1,0.0,0.0
0,0,0,0,0,1,0,0,jane_threatens_mark_with_knife,0,0.0,1,0.0,0.0
0,0,0,0,0,1,0,0,mark_falls_on_knife,0,0.0,1,0.0,0.0
0,0,0,0,0,1,0,0,mark_falls_on_knife,0,0.0,1,0.0,0.0
0,0,0,0,0,1,0,0,jane_and_mark_fight,0,0.25,1,0.25,0.0
0,0,0,0,0,0,0,0,jane_has_knife,0,0.75,0,0.75,1.0
0,0,0,0,0,1,0,1,jane_and_mark_fight,1,0.25,0,0.75,0.0
0,0,0,0,0,1,0,1,mark_dies_by_accident,0,0.0,1,0.0,0.0
0,0,0,0,0,1,0,0,mark_dies,0,0.0,1,0.0,0.0
0,0,0,0,0,0,0,0,mark_falls_on_knife,0,0.0,1,0.0,0.0
0,0,0,0,0,1,0,1,jane_has_knife,1,0.75,1,0.25,1.0
0,0,0,0,0,1,0,0,mark_dies_by_accident,0,0.0,1,0.0,0.0
0,0,0,0,0,0,0,0,jane_drops_knife,0,0.0,1,0.0,0.0
0,0,0,0,0,0,0,1,jane_has_knife,0,0.75,0,0.75,1.0
0,0,0,0,0,0,0,0,mark_dies_by_accident,0,0.0,1,0.0,0.0
0,0,0,0,0,1,0,0,mark_falls_on_knife,0,0.0,1,0.0,0.0
0,0,0,0,0,0,0,1,jane_has_knife,0,0.75,0,0.75,1.0
0,0,0,0,0,0,0,0,jane_has_knife,0,0.75,0,0.75,1.0
0,0,0,0,0,0,0,1,jane_and_mark_fight,1,0.25,0,0.75,0.0
0,0,0,0,0,1,0,0,mark_hits_jane,0,0.0,1,0.0,0.0
0,0,0,0,0,1,0,1,mark_falls_on_knife,0,0.0,1,0.0,0.0
0,0,0,0,0,1,0,0,mark_dies_by_accident,0,0.0,1,0.0,0.0
0,0,0,0,0,1,0,0,jane_threatens_mark_with_knife,0,0.0,1,0.0,0.0
0,0,0,0,0,1,0,0,jane_has_knife,1,0.75,1,0.25,1.0
0,0,0,0,0,1,0,0,mark_falls_on_knife,0,0.0,1,0.0,0.0
0,0,0,0,0,1,0,0,jane_and_mark_fight,0,0.25,1,0.25,0.0
0,0,0,0,0,0,0,0,jane_has_knife,0,0.75,0,0.75,1.0
0,0,0,0,0,0,0,0,jane_and_mark_fight,0,0.25,1,0.25,0.0
0,0,0,0,0,1,0,1,jane_drops_knife,0,0.0,1,0.0,0.0
0,0,0,0,0,1,0,0,mark_falls_on_knife,0,0.0,1,0.0,0.0
0,0,0,0,0,1,0,0,jane_and_mark_fight,0,0.25,1,0.25,0.0
0,0,0,0,0,1,0,1,jane_has_knife,1,0.75,1,0.25,1.0
0,0,0,0,0,1,0,0,jane_threatens_mark_with_knife,0,0.0,1,0.0,0.0
0,0,0,0,0,0,0,0,mark_dies_by_accident,0,0.0,1,0.0,0.0
0,0,0,0,0,1,0,1,jane_and_mark_fight,1,0.25,0,0.75,0.0
0,0,0,0,0,1,0,0,mark_dies,0,0.0,1,0.0,0.0
0,0,0,0,0,1,0,0,jane_drops_knife,0,0.0,1,0.0,0.0
0,0,0,0,0,1,0,1,mark_falls_on_knife,0,0.0,1,0.0,0.0
0,0,0,0,0,1,0,0,mark_dies,0,0.0,1,0.0,0.0
0,0,0,0,0,1,0,0,mark_falls_on_knife,0,0.0,1,0.0,0.0
0,0,0,0,0,1,0,0,jane_and_mark_fight,0,0.25,1,0.25,0.0
0,0,0,0,0,1,0,0,jane_has_knife,1,0.75,1,0.25,1.0
0,0,0,0,0,1,0,0,mark_dies_by_accident,0,0.0,1,0.0,0.0
0,0,0,0,0,1,0,0,jane_drops_knife,0,0.0,1,0.0,0.0
0,0,0,0,0,1,0,0,jane_drops_knife,0,0.0,1,0.0,0.0
0,0,0,0,0,1,0,0,jane_drops_knife,0,0.0,1,0.0,0.0
0,0,0,0,0,1,0,0,jane_has_knife,1,0.75,1,0.25,1.0
0,0,0,0,0,1,0,0,mark_falls_on_knife,0,0.0,1,0.0,0.0
0,0,0,0,0,1,0,0,mark_dies,0,0.0,1,0.0,0.0
0,0,0,0,0,1,0,0,jane_has_knife,1,0.75,1,0.25,1.0
0,0,0,0,0,1,0,0,jane_and_mark_fight,0,0.25,1,0.25,0.0
0,0,0,0,0,1,0,0,jane_and_mark_fight,0,0.25,1,0.25,0.0
0,0,0,0,0,1,0,0,jane_drops_knife,0,0.0,1,0.0,0.0
0,0,0,0,0,1,0,1,mark_dies,0,0.0,1,0.0,0.0
0,0,0,0,0,1,0,0,jane_has_knife,1,0.75,1,0.25,1.0
0,0,0,0,0,1,0,0,mark_dies,0,0.0,1,0.0,0.0
0,0,0,0,0,1,0,0,mark_dies,0,0.0,1,0.0,0.0
0,0,0,0,0,0,0,0,jane_has_knife,0,0.75,0,0.75,1.0
0,0,0,0,0,1,0,0,jane_drops_knife,0,0.0,1,0.0,0.0
0,0,0,0,0,1,0,0,jane_threatens_mark_with_knife,0,0.0,1,0.0,0.0
0,0,0,0,0,1,0,0,jane_and_mark_fight,0,0.25,1,0.25,0.0
0,0,0,0,0,1,0,0,mark_hits_jane,0,0.0,1,0.0,0.0
0,0,0,0,0,1,0,1,jane_and_mark_fight,1,0.25,0,0.75,0.0
0,0,0,0,0,1,0,0,jane_and_mark_fight,0,0.25,1,0.25,0.0
0,0,0,0,0,1,0,1,mark_falls_on_knife,0,0.0,1,0.0,0.0
0,0,0,0,0,1,0,1,jane_and_mark_fight,1,0.25,0,0.75,0.0
0,0,0,0,0,1,0,0,mark_dies,0,0.0,1,0.0,0.0
0,0,0,0,0,1,0,0,mark_dies_by_accident,0,0.0,1,0.0,0.0
0,0,0,0,0,1,0,0,jane_drops_knife,0,0.0,1,0.0,0.0
0,0,0,0,0,1,0,0,mark_falls_on_knife,0,0.0,1,0.0,0.0
0,0,0,0,0,0,0,0,jane_and_mark_fight,0,0.25,1,0.25,0.0
0,0,0,0,0,0,0,0,mark_dies,0,0.0,1,0.0,0.0
0,0,0,0,0,1,0,1,jane_has_knife,1,0.75,1,0.25,1.0
0,0,0,0,0,1,0,0,mark_falls_on_knife,0,0.0,1,0.0,0.0
0,0,0,0,0,1,0,0,mark_dies_by_accident,0,0.0,1,0.0,0.0
0,0,0,0,0,1,0,1,mark_hits_jane,0,0.0,1,0.0,0.0
0,0,0,0,0,1,0,0,mark_falls_on_knife,0,0.0,1,0.0,0.0
0,0,0,0,0,0,0,0,jane_drops_knife,0,0.0,1,0.0,0.0
0,0,0,0,0,1,0,1,mark_dies,0,0.0,1,0.0,0.0
0,0,0,0,0,1,0,0,mark_dies_by_accident,0,0.0,1,0.0,0.0
0,0,0,0,0,0,0,1,mark_falls_on_knife,0,0.0,1,0.0,0.0
0,0,0,0,0,0,0,0,mark_dies,0,0.0,1,0.0,0.0
0,0,0,0,0,1,0,0,mark_falls_on_knife,0,0.0,1,0.0,0.0
0,0,0,0,0,0,0,0,mark_dies_by_accident,0,0.0,1,0.0,0.0
0,0,0,0,0,1,0,0,mark_falls_on_knife,0,0.0,1,0.0,0.0
0,0,0,0,0,0,0,1,jane_drops_knife,0,0.0,1,0.0,0.0
0,0,0,0,0,0,0,0,jane_and_mark_fight,0,0.25,1,0.25,0.0
0,0,0,0,0,1,0,0,jane_drops_knife,0,0.0,1,0.0,0.0
0,0,0,0,0,1,0,0,jane_has_knife,1,0.75,1,0.25,1.0
0,0,0,0,0,1,0,0,mark_falls_on_knife,0,0.0,1,0.0,0.0
0,0,0,0,0,0,0,0,jane_and_mark_fight,0,0.25,1,0.25,0.0
0,0,0,0,0,0,0,0,mark_dies,0,0.0,1,0.0,0.0
0,0,0,0,0,1,0,0,mark_dies_by_accident,0,0.0,1,0.0,0.0
0,0,0,0,0,1,0,0,mark_hits_jane,0,0.0,1,0.0,0.0
0,0,0,0,0,0,0,0,jane_threatens_mark_with_knife,0,0.0,1,0.0,0.0
0,0,0,0,0,1,0,0,jane_threatens_mark_with_knife,0,0.0,1,0.0,0.0
0,0,0,0,0,1,0,0,jane_and_mark_fight,0,0.25,1,0.25,0.0
0,0,0,0,0,0,0,0,jane_threatens_mark_with_knife,0,0.0,1,0.0,0.0
0,0,0,0,0,0,0,1,jane_threatens_mark_with_knife,0,0.0,1,0.0,0.0
0,0,0,0,0,0,0,0,jane_and_mark_fight,0,0.25,1,0.25,0.0
0,0,0,0,0,0,0,0,jane_drops_knife,0,0.0,1,0.0,0.0
0,0,0,0,0,1,0,0,jane_threatens_mark_with_knife,0,0.0,1,0.0,0.0
0,0,0,0,0,1,0,0,mark_dies,0,0.0,1,0.0,0.0
0,0,0,0,0,1,0,0,jane_threatens_mark_with_knife,0,0.0,1,0.0,0.0
0,0,0,0,0,1,0,0,jane_and_mark_fight,0,0.25,1,0.25,0.0
0,0,0,0,0,0,0,0,mark_hits_jane,0,0.0,1,0.0,0.0
0,0,0,0,0,1,0,0,jane_drops_knife,0,0.0,1,0.0,0.0
0,0,0,0,0,1,0,0,mark_hits_jane,0,0.0,1,0.0,0.0
0,0,0,0,0,1,0,0,mark_dies,0,0.0,1,0.0,0.0
0,0,0,0,0,1,0,1,mark_dies_by_accident,0,0.0,1,0.0,0.0
0,0,0,0,0,0,0,0,jane_drops_knife,0,0.0,1,0.0,0.0
0,0,0,0,0,1,0,0,mark_falls_on_knife,0,0.0,1,0.0,0.0
0,0,0,0,0,0,0,0,jane_has_knife,0,0.75,0,0.75,1.0
0,0,0,0,0,0,0,0,mark_dies,0,0.0,1,0.0,0.0
0,0,0,0,0,1,0,0,mark_hits_jane,0,0.0,1,0.0,0.0
0,0,0,0,0,0,0,0,jane_threatens_mark_with_knife,0,0.0,1,0.0,0.0
0,0,0,0,0,1,0,1,mark_falls_on_knife,0,0.0,1,0.0,0.0
0,0,0,0,0,1,0,1,jane_and_mark_fight,1,0.25,0,0.75,0.0
0,0,0,0,0,1,0,1,jane_has_knife,1,0.75,1,0.25,1.0
0,0,0,0,0,1,0,0,mark_dies,0,0.0,1,0.0,0.0
0,0,0,0,0,0,0,0,jane_has_knife,0,0.75,0,0.75,1.0
0,0,0,0,0,0,0,0,mark_dies,0,0.0,1,0.0,0.0
0,0,0,0,0,0,0,0,jane_has_knife,0,0.75,0,0.75,1.0
0,0,0,0,0,1,0,1,jane_and_mark_fight,1,0.25,0,0.75,0.0
0,0,0,0,0,1,0,0,mark_dies,0,0.0,1,0.0,0.0
0,0,0,0,0,1,0,0,mark_dies,0,0.0,1,0.0,0.0
0,0,0,0,0,1,0,0,jane_drops_knife,0,0.0,1,0.0,0.0
0,0,0,0,0,1,0,1,jane_and_mark_fight,1,0.25,0,0.75,0.0
0,0,0,0,0,1,0,0,mark_hits_jane,0,0.0,1,0.0,0.0
0,0,0,0,0,1,0,0,mark_falls_on_knife,0,0.0,1,0.0,0.0
0,0,0,0,0,1,0,1,jane_drops_knife,0,0.0,1,0.0,0.0
0,0,0,0,0,1,0,1,jane_threatens_mark_with_knife,0,0.0,1,0.0,0.0
0,0,0,0,0,0,0,0,jane_has_knife,0,0.75,0,0.75,1.0
0,0,0,0,0,0,0,0,jane_has_knife,0,0.75,0,0.75,1.0
0,0,0,0,0,1,0,1,jane_and_mark_fight,1,0.25,0,0.75,0.0
0,0,0,0,0,1,0,0,jane_threatens_mark_with_knife,0,0.0,1,0.0,0.0
0,0,0,0,0,0,0,0,jane_and_mark_fight,0,0.25,1,0.25,0.0
0,0,0,0,0,1,0,0,mark_dies_by_accident,0,0.0,1,0.0,0.0
0,0,0,0,0,0,0,0,mark_dies_by_accident,0,0.0,1,0.0,0.0
0,0,0,0,0,1,0,0,mark_dies,0,0.0,1,0.0,0.0
0,0,0,0,0,1,0,0,mark_falls_on_knife,0,0.0,1,0.0,0.0
0,0,0,0,0,1,0,1,mark_dies,0,0.0,1,0.0,0.0
0,0,0,0,0,1,0,1,mark_falls_on_knife,0,0.0,1,0.0,0.0
0,0,0,0,0,1,0,0,jane_drops_knife,0,0.0,1,0.0,0.0
0,0,0,0,0,1,0,0,mark_falls_on_knife,0,0.0,1,0.0,0.0
0,0,0,0,0,1,0,1,mark_dies,0,0.0,1,0.0,0.0
0,0,0,0,0,1,0,1,jane_and_mark_fight,1,0.25,0,0.75,0.0
0,0,0,0,0,0,0,0,mark_dies,0,0.0,1,0.0,0.0
0,0,0,0,0,0,0,0,mark_dies,0,0.0,1,0.0,0.0
0,0,0,0,0,1,0,0,jane_threatens_mark_with_knife,0,0.0,1,0.0,0.0
0,0,0,0,0,1,0,1,mark_falls_on_knife,0,0.0,1,0.0,0.0
0,0,0,0,0,1,0,1,mark_dies_by_accident,0,0.0,1,0.0,0.0
0,0,0,0,0,1,0,1,mark_falls_on_knife,0,0.0,1,0.0,0.0
0,0,0,0,0,1,0,0,mark_dies,0,0.0,1,0.0,0.0
0,0,0,0,0,1,0,0,mark_hits_jane,0,0.0,1,0.0,0.0
0,0,0,0,0,1,0,0,jane_threatens_mark_with_knife,0,0.0,1,0.0,0.0
0,0,0,0,0,1,0,0,mark_dies_by_accident,0,0.0,1,0.0,0.0
0,0,0,0,0,1,0,0,jane_has_knife,1,0.75,1,0.25,1.0
0,0,0,0,0,1,0,1,mark_falls_on_knife,0,0.0,1,0.0,0.0
0,0,0,0,0,0,0,0,jane_and_mark_fight,0,0.25,1,0.25,0.0
0,0,0,0,0,1,0,0,jane_drops_knife,0,0.0,1,0.0,0.0
0,0,0,0,0,1,0,0,mark_dies_by_accident,0,0.0,1,0.0,0.0
0,0,0,0,0,1,0,0,jane_has_knife,1,0.75,1,0.25,1.0
0,0,0,0,0,0,0,0,mark_falls_on_knife,0,0.0,1,0.0,0.0
0,0,0,0,0,0,0,0,mark_dies,0,0.0,1,0.0,0.0
0,0,0,0,0,0,0,0,jane_and_mark_fight,0,0.25,1,0.25,0.0
0,0,0,0,0,1,0,0,mark_dies_by_accident,0,0.0,1,0.0,0.0
0,0,0,0,0,1,0,0,jane_threatens_mark_with_knife,0,0.0,1,0.0,0.0
0,0,0,0,0,1,0,0,mark_dies,0,0.0,1,0.0,0.0
0,0,0,0,0,0,0,0,mark_hits_jane,0,0.0,1,0.0,0.0
0,0,0,0,0,1,0,0,jane_drops_knife,0,0.0,1,0.0,0.0
0,0,0,0,0,0,0,0,jane_drops_knife,0,0.0,1,0.0,0.0
0,0,0,0,0,1,0,0,jane_drops_knife,0,0.0,1,0.0,0.0
0,0,0,0,0,0,0,1,jane_and_mark_fight,1,0.25,0,0.75,0.0
0,0,0,0,0,1,0,0,jane_threatens_mark_with_knife,0,0.0,1,0.0,0.0
0,0,0,0,0,1,0,0,jane_drops_knife,0,0.0,1,0.0,0.0
0,0,0,0,0,1,0,0,jane_threatens_mark_with_knife,0,0.0,1,0.0,0.0
0,0,0,0,0,0,0,0,jane_threatens_mark_with_knife,0,0.0,1,0.0,0.0
0,0,0,0,0,0,0,0,mark_hits_jane,0,0.0,1,0.0,0.0
0,0,0,0,0,1,0,0,mark_dies,0,0.0,1,0.0,0.0
0,0,0,0,0,1,0,0,mark_falls_on_knife,0,0.0,1,0.0,0.0
0,0,0,0,0,0,0,0,mark_dies,0,0.0,1,0.0,0.0
0,0,0,0,0,0,0,1,mark_hits_jane,0,0.0,1,0.0,0.0
0,0,0,0,0,0,0,0,mark_dies,0,0.0,1,0.0,0.0
0,0,0,0,0,1,0,0,mark_hits_jane,0,0.0,1,0.0,0.0
0,0,0,0,0,1,0,0,mark_falls_on_knife,0,0.0,1,0.0,0.0
0,0,0,0,0,0,0,0,jane_drops_knife,0,0.0,1,0.0,0.0
0,0,0,0,0,1,0,1,mark_dies,0,0.0,1,0.0,0.0
0,0,0,0,0,1,0,0,jane_and_mark_fight,0,0.25,1,0.25,0.0
0,0,0,0,0,1,0,0,jane_has_knife,1,0.75,1,0.25,1.0
0,0,0,0,0,1,0,0,jane_and_mark_fight,0,0.25,1,0.25,0.0
0,0,0,0,0,1,0,0,jane_has_knife,1,0.75,1,0.25,1.0
0,0,0,0,0,0,0,0,mark_dies,0,0.0,1,0.0,0.0
0,0,0,0,0,1,0,0,mark_hits_jane,0,0.0,1,0.0,0.0
0,0,0,0,0,1,0,0,mark_dies_by_accident,0,0.0,1,0.0,0.0
0,0,0,0,0,1,0,0,jane_drops_knife,0,0.0,1,0.0,0.0
0,0,0,0,0,1,0,0,jane_threatens_mark_with_knife,0,0.0,1,0.0,0.0
0,0,0,0,0,1,0,0,jane_and_mark_fight,0,0.25,1,0.25,0.0
0,0,0,0,0,0,0,0,jane_has_knife,0,0.75,0,0.75,1.0
0,0,0,0,0,1,0,0,jane_drops_knife,0,0.0,1,0.0,0.0
0,0,0,0,0,1,0,0,jane_has_knife,1,0.75,1,0.25,1.0
0,0,0,0,0,0,0,0,jane_drops_knife,0,0.0,1,0.0,0.0
0,0,0,0,0,1,0,0,mark_dies,0,0.0,1,0.0,0.0
0,0,0,0,0,0,0,0,mark_falls_on_knife,0,0.0,1,0.0,0.0
0,0,0,0,0,1,0,1,jane_drops_knife,0,0.0,1,0.0,0.0
0,0,0,0,0,1,0,0,mark_dies,0,0.0,1,0.0,0.0
0,0,0,0,0,1,0,1,jane_threatens_mark_with_knife,0,0.0,1,0.0,0.0
0,0,0,0,0,1,0,1,mark_hits_jane,0,0.0,1,0.0,0.0
0,0,0,0,0,1,0,1,mark_hits_jane,0,0.0,1,0.0,0.0
0,0,0,0,0,1,0,0,jane_drops_knife,0,0.0,1,0.0,0.0
0,0,0,0,0,1,0,0,jane_and_mark_fight,0,0.25,1,0.25,0.0
0,0,0,0,0,1,0,0,jane_has_knife,1,0.75,1,0.25,1.0
0,0,0,0,0,1,0,1,jane_drops_knife,0,0.0,1,0.0,0.0
0,0,0,0,0,1,0,0,jane_threatens_mark_with_knife,0,0.0,1,0.0,0.0
0,0,0,0,0,1,0,0,jane_has_knife,1,0.75,1,0.25,1.0
0,0,0,0,0,1,0,0,mark_hits_jane,0,0.0,1,0.0,0.0
0,0,0,0,0,0,0,0,mark_hits_jane,0,0.0,1,0.0,0.0
0,0,0,0,0,1,0,0,mark_hits_jane,0,0.0,1,0.0,0.0
0,0,0,0,0,1,0,0,jane_and_mark_fight,0,0.25,1,0.25,0.0
0,0,0,0,0,0,0,0,jane_threatens_mark_with_knife,0,0.0,1,0.0,0.0
0,0,0,0,0,1,0,0,mark_falls_on_knife,0,0.0,1,0.0,0.0
0,0,0,0,0,1,0,0,jane_drops_knife,0,0.0,1,0.0,0.0
0,0,0,0,0,0,0,0,mark_dies,0,0.0,1,0.0,0.0
0,0,0,0,0,1,0,0,jane_has_knife,1,0.75,1,0.25,1.0
0,0,0,0,0,0,0,0,mark_hits_jane,0,0.0,1,0.0,0.0
0,0,0,0,0,1,0,0,mark_hits_jane,0,0.0,1,0.0,0.0
0,0,0,0,0,1,0,0,mark_dies_by_accident,0,0.0,1,0.0,0.0
0,0,0,0,0,1,0,0,jane_and_mark_fight,0,0.25,1,0.25,0.0
0,0,0,0,0,0,0,1,mark_dies,0,0.0,1,0.0,0.0
0,0,0,0,0,1,0,0,jane_and_mark_fight,0,0.25,1,0.25,0.0
0,0,0,0,0,1,0,0,mark_dies_by_accident,0,0.0,1,0.0,0.0
0,0,0,0,0,1,0,1,jane_drops_knife,0,0.0,1,0.0,0.0
0,0,0,0,0,1,0,1,jane_drops_knife,0,0.0,1,0.0,0.0
0,0,0,0,0,1,0,0,mark_dies_by_accident,0,0.0,1,0.0,0.0
0,0,0,0,0,0,0,0,mark_dies,0,0.0,1,0.0,0.0
0,0,0,0,0,0,0,1,mark_hits_jane,0,0.0,1,0.0,0.0
0,0,0,0,0,1,0,0,mark_hits_jane,0,0.0,1,0.0,0.0
0,0,0,0,0,1,0,0,jane_has_knife,1,0.75,1,0.25,1.0
0,0,0,0,0,1,0,0,jane_has_knife,1,0.75,1,0.25,1.0
0,0,0,0,0,1,0,0,mark_dies,0,0.0,1,0.0,0.0
0,0,0,0,0,1,0,0,mark_dies_by_accident,0,0.0,1,0.0,0.0
0,0,0,0,0,0,0,0,jane_drops_knife,0,0.0,1,0.0,0.0
0,0,0,0,0,1,0,0,mark_dies_by_accident,0,0.0,1,0.0,0.0
0,0,0,0,0,1,0,0,jane_has_knife,1,0.75,1,0.25,1.0
0,0,0,0,0,1,0,0,jane_threatens_mark_with_knife,0,0.0,1,0.0,0.0
0,0,0,0,0,1,0,0,jane_drops_knife,0,0.0,1,0.0,0.0
0,0,0,0,0,0,0,0,mark_falls_on_knife,0,0.0,1,0.0,0.0
0,0,0,0,0,1,0,0,mark_dies_by_accident,0,0.0,1,0.0,0.0
0,0,0,0,0,1,0,0,mark_dies_by_accident,0,0.0,1,0.0,0.0
0,0,0,0,0,1,0,0,mark_dies,0,0.0,1,0.0,0.0
0,0,0,0,0,1,0,0,mark_dies_by_accident,0,0.0,1,0.0,0.0
0,0,0,0,0,0,0,0,jane_threatens_mark_with_knife,0,0.0,1,0.0,0.0
0,0,0,0,0,1,0,1,mark_falls_on_knife,0,0.0,1,0.0,0.0
0,0,0,0,0,1,0,1,jane_threatens_mark_with_knife,0,0.0,1,0.0,0.0
0,0,0,0,0,1,0,0,jane_has_knife,1,0.75,1,0.25,1.0
0,0,0,0,0,1,0,0,jane_threatens_mark_with_knife,0,0.0,1,0.0,0.0
0,0,0,0,0,0,0,0,jane_has_knife,0,0.75,0,0.75,1.0
0,0,0,0,0,0,0,0,mark_dies_by_accident,0,0.0,1,0.0,0.0
0,0,0,0,0,1,0,0,mark_dies,0,0.0,1,0.0,0.0
0,0,0,0,0,1,0,1,mark_dies_by_accident,0,0.0,1,0.0,0.0
0,0,0,0,0,1,0,0,mark_hits_jane,0,0.0,1,0.0,0.0
0,0,0,0,0,0,0,0,mark_falls_on_knife,0,0.0,1,0.0,0.0
0,0,0,0,0,0,0,0,jane_and_mark_fight,0,0.25,1,0.25,0.0
0,0,0,0,0,1,0,1,jane_and_mark_fight,1,0.25,0,0.75,0.0
0,0,0,0,0,1,0,0,jane_drops_knife,0,0.0,1,0.0,0.0
0,0,0,0,0,1,0,0,mark_falls_on_knife,0,0.0,1,0.0,0.0
0,0,0,0,0,1,0,0,jane_and_mark_fight,0,0.25,1,0.25,0.0
0,0,0,0,0,1,0,0,mark_falls_on_knife,0,0.0,1,0.0,0.0
0,0,0,0,0,1,0,0,jane_has_knife,1,0.75,1,0.25,1.0
0,0,0,0,0,1,0,0,jane_has_knife,1,0.75,1,0.25,1.0
0,0,0,0,0,1,0,1,mark_dies_by_accident,0,0.0,1,0.0,0.0
0,0,0,0,0,1,0,0,mark_hits_jane,0,0.0,1,0.0,0.0
0,0,0,0,0,1,0,0,jane_has_knife,1,0.75,1,0.25,1.0
0,0,0,0,0,1,0,0,jane_has_knife,1,0.75,1,0.25,1.0
0,0,0,0,0,1,0,0,mark_dies_by_accident,0,0.0,1,0.0,0.0
0,0,0,0,0,0,0,1,jane_threatens_mark_with_knife,0,0.0,1,0.0,0.0
0,0,0,0,0,0,0,1,jane_has_knife,0,0.75,0,0.75,1.0
0,0,0,0,0,1,0,0,jane_threatens_mark_with_knife,0,0.0,1,0.0,0.0
0,0,0,0,0,1,0,0,jane_has_knife,1,0.75,1,0.25,1.0
0,0,0,0,0,1,0,0,jane_has_knife,1,0.75,1,0.25,1.0
0,0,0,0,0,1,0,0,jane_has_knife,1,0.75,1,0.25,1.0
0,0,0,0,0,1,0,1,mark_dies_by_accident,0,0.0,1,0.0,0.0
0,0,0,0,0,0,0,0,jane_has_knife,0,0.75,0,0.75,1.0
0,0,0,0,0,1,0,0,jane_drops_knife,0,0.0,1,0.0,0.0
0,0,0,0,0,1,0,0,jane_drops_knife,0,0.0,1,0.0,0.0
0,0,0,0,0,0,0,0,jane_and_mark_fight,0,0.25,1,0.25,0.0
0,0,0,0,0,0,0,0,mark_falls_on_knife,0,0.0,1,0.0,0.0
0,0,0,0,0,0,0,1,jane_has_knife,0,0.75,0,0.75,1.0
0,0,0,0,0,1,0,0,mark_falls_on_knife,0,0.0,1,0.0,0.0
0,0,0,0,0,1,0,0,jane_drops_knife,0,0.0,1,0.0,0.0
0,0,0,0,0,0,0,0,mark_falls_on_knife,0,0.0,1,0.0,0.0
0,0,0,0,0,0,0,0,jane_drops_knife,0,0.0,1,0.0,0.0
0,0,0,0,0,1,0,0,jane_has_knife,1,0.75,1,0.25,1.0
0,0,0,0,0,1,0,0,jane_drops_knife,0,0.0,1,0.0,0.0
0,0,0,0,0,1,0,0,mark_hits_jane,0,0.0,1,0.0,0.0
0,0,0,0,0,1,0,0,jane_and_mark_fight,0,0.25,1,0.25,0.0
0,0,0,0,0,1,0,0,jane_drops_knife,0,0.0,1,0.0,0.0
0,0,0,0,0,1,0,0,mark_dies_by_accident,0,0.0,1,0.0,0.0
0,0,0,0,0,1,0,0,jane_and_mark_fight,0,0.25,1,0.25,0.0
0,0,0,0,0,0,0,0,jane_threatens_mark_with_knife,0,0.0,1,0.0,0.0
0,0,0,0,0,1,0,0,jane_has_knife,1,0.75,1,0.25,1.0
0,0,0,0,0,1,0,0,mark_dies_by_accident,0,0.0,1,0.0,0.0
0,0,0,0,0,0,0,0,mark_dies,0,0.0,1,0.0,0.0
0,0,0,0,0,1,0,0,mark_dies,0,0.0,1,0.0,0.0
0,0,0,0,0,1,0,0,jane_drops_knife,0,0.0,1,0.0,0.0
0,0,0,0,0,1,0,0,mark_dies_by_accident,0,0.0,1,0.0,0.0
0,0,0,0,0,1,0,0,mark_dies_by_accident,0,0.0,1,0.0,0.0
0,0,0,0,0,1,0,1,jane_and_mark_fight,1,0.25,0,0.75,0.0
0,0,0,0,0,1,0,1,mark_dies,0,0.0,1,0.0,0.0
0,0,0,0,0,1,0,0,jane_has_knife,1,0.75,1,0.25,1.0
0,0,0,0,0,0,0,0,mark_dies,0,0.0,1,0.0,0.0
0,0,0,0,0,1,0,0,mark_falls_on_knife,0,0.0,1,0.0,0.0
0,0,0,0,0,1,0,0,jane_and_mark_fight,0,0.25,1,0.25,0.0
0,0,0,0,0,1,0,1,jane_has_knife,1,0.75,1,0.25,1.0
0,0,0,0,0,0,0,0,mark_dies,0,0.0,1,0.0,0.0
0,0,0,0,0,0,0,0,jane_has_knife,0,0.75,0,0.75,1.0
0,0,0,0,0,1,0,0,jane_threatens_mark_with_knife,0,0.0,1,0.0,0.0
0,0,0,0,0,1,0,1,mark_hits_jane,0,0.0,1,0.0,0.0
0,0,0,0,0,1,0,0,mark_dies_by_accident,0,0.0,1,0.0,0.0
0,0,0,0,0,1,0,0,mark_falls_on_knife,0,0.0,1,0.0,0.0
0,0,0,0,0,1,0,0,mark_hits_jane,0,0.0,1,0.0,0.0
0,0,0,0,0,1,0,0,mark_dies_by_accident,0,0.0,1,0.0,0.0
0,0,0,0,0,1,0,0,mark_hits_jane,0,0.0,1,0.0,0.0
0,0,0,0,0,0,0,0,jane_and_mark_fight,0,0.25,1,0.25,0.0
0,0,0,0,0,0,0,0,mark_dies,0,0.0,1,0.0,0.0
0,0,0,0,0,1,0,0,jane_and_mark_fight,0,0.25,1,0.25,0.0
0,0,0,0,0,1,0,0,jane_threatens_mark_with_knife,0,0.0,1,0.0,0.0
0,0,0,0,0,1,0,0,mark_hits_jane,0,0.0,1,0.0,0.0
0,0,0,0,0,0,0,0,jane_has_knife,0,0.75,0,0.75,1.0
0,0,0,0,0,1,0,0,jane_drops_knife,0,0.0,1,0.0,0.0
0,0,0,0,0,1,0,0,jane_drops_knife,0,0.0,1,0.0,0.0
0,0,0,0,0,0,0,0,mark_falls_on_knife,0,0.0,1,0.0,0.0
0,0,0,0,0,1,0,0,mark_dies,0,0.0,1,0.0,0.0
0,0,0,0,0,1,0,0,mark_dies,0,0.0,1,0.0,0.0
0,0,0,0,0,1,0,0,jane_and_mark_fight,0,0.25,1,0.25,0.0
0,0,0,0,0,1,0,0,mark_dies_by_accident,0,0.0,1,0.0,0.0
0,0,0,0,0,0,0,0,jane_threatens_mark_with_knife,0,0.0,1,0.0,0.0
0,0,0,0,0,0,0,1,jane_has_knife,0,0.75,0,0.75,1.0
0,0,0,0,0,0,0,0,mark_falls_on_knife,0,0.0,1,0.0,0.0
0,0,0,0,0,0,0,0,mark_falls_on_knife,0,0.0,1,0.0,0.0
0,0,0,0,0,1,0,0,jane_drops_knife,0,0.0,1,0.0,0.0
0,0,0,0,0,1,0,0,mark_falls_on_knife,0,0.0,1,0.0,0.0
0,0,0,0,0,0,0,0,jane_threatens_mark_with_knife,0,0.0,1,0.0,0.0
0,0,0,0,0,1,0,1,jane_threatens_mark_with_knife,0,0.0,1,0.0,0.0
0,0,0,0,0,0,0,0,mark_falls_on_knife,0,0.0,1,0.0,0.0
0,0,0,0,0,0,0,0,mark_dies_by_accident,0,0.0,1,0.0,0.0
0,0,0,0,0,1,0,0,jane_threatens_mark_with_knife,0,0.0,1,0.0,0.0
0,0,0,0,0,1,0,0,mark_falls_on_knife,0,0.0,1,0.0,0.0
0,0,0,0,0,1,0,0,mark_falls_on_knife,0,0.0,1,0.0,0.0
0,0,0,0,0,1,0,1,jane_and_mark_fight,1,0.25,0,0.75,0.0
0,0,0,0,0,1,0,0,mark_dies,0,0.0,1,0.0,0.0
0,0,0,0,0,1,0,0,mark_dies,0,0.0,1,0.0,0.0
0,0,0,0,0,0,0,0,mark_falls_on_knife,0,0.0,1,0.0,0.0
0,0,0,0,0,0,0,1,jane_and_mark_fight,1,0.25,0,0.75,0.0
0,0,0,0,0,1,0,0,jane_drops_knife,0,0.0,1,0.0,0.0
0,0,0,0,0,1,0,0,mark_hits_jane,0,0.0,1,0.0,0.0
0,0,0,0,0,1,0,0,jane_drops_knife,0,0.0,1,0.0,0.0
0,0,0,0,0,1,0,0,mark_dies,0,0.0,1,0.0,0.0
0,0,0,0,0,1,0,0,jane_and_mark_fight,0,0.25,1,0.25,0.0
0,0,0,0,0,1,0,1,jane_has_knife,1,0.75,1,0.25,1.0
0,0,0,0,0,1,0,0,jane_threatens_mark_with_knife,0,0.0,1,0.0,0.0
0,0,0,0,0,1,0,1,jane_threatens_mark_with_knife,0,0.0,1,0.0,0.0
0,0,0,0,0,1,0,0,jane_drops_knife,0,0.0,1,0.0,0.0
0,0,0,0,0,0,0,0,mark_dies,0,0.0,1,0.0,0.0
0,0,0,0,0,0,0,0,mark_falls_on_knife,0,0.0,1,0.0,0.0
0,0,0,0,0,1,0,1,mark_hits_jane,0,0.0,1,0.0,0.0
0,0,0,0,0,1,0,1,jane_threatens_mark_with_knife,0,0.0,1,0.0,0.0
0,0,0,0,0,1,0,0,jane_drops_knife,0,0.0,1,0.0,0.0
0,0,0,0,0,1,0,0,jane_and_mark_fight,0,0.25,1,0.25,0.0
0,0,0,0,0,1,0,0,jane_has_knife,1,0.75,1,0.25,1.0
0,1,0,0,0,1,1,1,jane_drops_knife,0,0.47,1,0.47,0.0
0,0,0,0,0,1,0,0,mark_hits_jane,0,0.0,1,0.0,0.0
0,0,0,0,0,1,0,0,jane_has_knife,1,0.75,1,0.25,1.0
0,0,0,0,0,1,0,0,mark_falls_on_knife,0,0.0,1,0.0,0.0
0,0,0,0,0,1,0,0,jane_threatens_mark_with_knife,0,0.0,1,0.0,0.0
0,0,0,0,0,1,0,0,jane_has_knife,1,0.75,1,0.25,1.0
0,0,0,0,0,0,0,0,jane_has_knife,0,0.75,0,0.75,1.0
0,0,0,0,0,0,0,1,mark_hits_jane,0,0.0,1,0.0,0.0
0,0,0,0,0,1,0,1,jane_and_mark_fight,1,0.25,0,0.75,0.0
0,0,0,0,0,0,0,0,jane_and_mark_fight,0,0.25,1,0.25,0.0
0,0,0,0,0,0,0,0,mark_dies_by_accident,0,0.0,1,0.0,0.0
0,0,0,0,0,1,0,0,jane_has_knife,1,0.75,1,0.25,1.0
0,0,0,0,0,0,0,1,jane_and_mark_fight,1,0.25,0,0.75,0.0
0,0,0,0,0,0,0,0,jane_threatens_mark_with_knife,0,0.0,1,0.0,0.0
0,0,0,0,0,1,0,1,mark_dies,0,0.0,1,0.0,0.0
0,0,0,0,0,1,0,0,jane_threatens_mark_with_knife,0,0.0,1,0.0,0.0
0,0,0,0,0,0,0,0,mark_falls_on_knife,0,0.0,1,0.0,0.0
0,0,0,0,0,1,0,0,mark_falls_on_knife,0,0.0,1,0.0,0.0
0,0,0,0,0,1,0,1,mark_dies_by_accident,0,0.0,1,0.0,0.0
0,0,0,0,0,0,0,0,jane_and_mark_fight,0,0.25,1,0.25,0.0
0,0,0,0,0,1,0,0,mark_hits_jane,0,0.0,1,0.0,0.0
0,0,0,0,0,1,0,1,mark_falls_on_knife,0,0.0,1,0.0,0.0
0,0,0,0,0,0,0,0,jane_threatens_mark_with_knife,0,0.0,1,0.0,0.0
0,0,0,0,0,1,0,0,jane_drops_knife,0,0.0,1,0.0,0.0
0,0,0,0,0,1,0,0,mark_dies_by_accident,0,0.0,1,0.0,0.0
0,0,0,0,0,0,0,0,mark_hits_jane,0,0.0,1,0.0,0.0
0,0,0,0,0,1,0,0,jane_has_knife,1,0.75,1,0.25,1.0
0,0,0,0,0,1,0,1,mark_dies_by_accident,0,0.0,1,0.0,0.0
0,0,0,0,0,0,0,0,mark_hits_jane,0,0.0,1,0.0,0.0
0,0,0,0,0,1,0,0,jane_drops_knife,0,0.0,1,0.0,0.0
